{"TimeStamp":"2026-01-20T21:36:24Z","SiteName":"multiloja-identity-api-br","RequestId":"067db618-f648-11f0-95f6-bceca0e6ff7c","Kind":"OneDeploy","Status":"Success","Details":"{\"Id\":\"afa867b30d11495e9df2d859b9b8dbbe\",\"Status\":4,\"StatusText\":\"\",\"AuthorEmail\":\"N/A\",\"Author\":\"N/A\",\"Message\":\"OneDeploy\",\"Progress\":\"\",\"Deployer\":\"OneDeploy\",\"ReceivedTime\":\"2026-01-20T21:36:21.6457002Z\",\"StartTime\":\"2026-01-20T21:36:21.8488386Z\",\"EndTime\":\"2026-01-20T21:36:24.3187199Z\",\"LastSuccessEndTime\":\"2026-01-20T21:36:24.3187199Z\",\"Complete\":true,\"IsTemporary\":false,\"IsReadOnly\":true,\"SiteName\":\"multiloja-identity-api-br\",\"HostName\":\"multiloja-identity-api-br-gua5c6e0fafdbbb3.scm.brazilsouth-01.azurewebsites.net\",\"ProjectType\":\"OneDeploy\",\"VsProjectId\":null}"}