<step title="Incoming Request" date="2026-01-20T21:36:20.567" instance="a6e48b" url="/api/publish?type=zip" method="POST" type="request" pid="9316,2,8" Cache-Control="no-cache" Content-Length="4628571" Content-Type="application/octet-stream" Accept="*/*" Accept-Encoding="gzip, deflate" Authorization="Bea..." Host="multiloja-identity-api-br-gua5c6e0fafdbbb3.scm.brazilsouth-01.azurewebsites.net" User-Agent="AZURECLI/2.80.0 (MSI)" x-ms-client-request-id="067db618-f648-11f0-95f6-bceca0e6ff7c" X-ARR-LOG-ID="067db618-f648-11f0-95f6-bceca0e6ff7c" CLIENT-IP="177.128.177.226:2378" X-SITE-DEPLOYMENT-ID="multiloja-identity-api-br" WAS-DEFAULT-HOSTNAME="multiloja-identity-api-br-gua5c6e0fafdbbb3.scm.brazilsouth-01.azurewebsites.net" X-Forwarded-Proto="https" X-AppService-Proto="https" X-Forwarded-TlsVersion="1.3" X-WAWS-Unencoded-URL="/api/publish?type=zip" >
  <step title="OneDeploy" date="2026-01-20T21:36:20.833" >
    <step title="Starting PushDeployAsync" date="2026-01-20T21:36:20.864" /><!-- duration: 0ms -->
    <step title="Updating shutdown sentinel last write time" date="2026-01-20T21:36:20.911" SemaphoreCount="7" /><!-- duration: 16ms -->
    <step title="LockFile &apos;C:\home\site\locks\deployments.lock&apos; acquired" date="2026-01-20T21:36:20.926" /><!-- duration: 0ms -->
    <step title="Saving request content to C:\local\Temp\zipdeploy\0qreqfhy.zip" date="2026-01-20T21:36:20.942" >
      <step title="Total 4,628,571 bytes written to C:\local\Temp\zipdeploy\0qreqfhy.zip" date="2026-01-20T21:36:20.973" /><!-- duration: 16ms -->
    </step><!-- duration: 47ms -->
    <step title="LockFile &apos;C:\home\site\locks\deployments.lock&apos; released" date="2026-01-20T21:36:21.005" /><!-- duration: 0ms -->
    <step title="Deleting shutdown sentinel file" date="2026-01-20T21:36:21.020" SemaphoreCount="8" /><!-- duration: 0ms -->
    <step title="Starting FetchDeploy" date="2026-01-20T21:36:21.020" /><!-- duration: 0ms -->
    <step title="Attempting to fetch target branch HEAD" date="2026-01-20T21:36:21.036" /><!-- duration: 0ms -->
    <step title="Updating shutdown sentinel last write time" date="2026-01-20T21:36:21.051" SemaphoreCount="7" /><!-- duration: 0ms -->
    <step title="LockFile &apos;C:\home\site\locks\deployments.lock&apos; acquired" date="2026-01-20T21:36:21.051" /><!-- duration: 0ms -->
    <step title="Performing fetch based deployment" date="2026-01-20T21:36:21.067" >
      <step title="Creating temporary deployment" date="2026-01-20T21:36:21.067" /><!-- duration: 47ms -->
      <step title="Fetching changes." date="2026-01-20T21:36:21.177" /><!-- duration: 0ms -->
      <step title="Starting LocalZipHandler" date="2026-01-20T21:36:21.192" /><!-- duration: 0ms -->
      <step title="Starting LocalZipFetch" date="2026-01-20T21:36:21.192" /><!-- duration: 31ms -->
      <step title="Cleaning up temp folders from previous zip deployments and extracting pushed zip file C:\local\Temp\zipdeploy\0qreqfhy.zip (4.41 MB) to C:\local\Temp\zipdeploy\extracted" date="2026-01-20T21:36:21.270" /><!-- duration: 0ms -->
      <step title="Cleaning up temp folders from previous zip deployments and extracting pushed zip file C:\local\Temp\zipdeploy\0qreqfhy.zip (4.41 MB) to C:\local\Temp\zipdeploy\extracted" date="2026-01-20T21:36:21.286" >
        <step title="Extracting 50 entries to C:\local\Temp\zipdeploy\extracted directory" date="2026-01-20T21:36:21.286" >
          <step title="Extracting to C:\local\Temp\zipdeploy\extracted\appsettings.Development.json ..." date="2026-01-20T21:36:21.301" /><!-- duration: 16ms -->
          <step title="Extracting to C:\local\Temp\zipdeploy\extracted\appsettings.json ..." date="2026-01-20T21:36:21.317" /><!-- duration: 0ms -->
          <step title="Extracting to C:\local\Temp\zipdeploy\extracted\BCrypt.Net-Next.dll ..." date="2026-01-20T21:36:21.333" /><!-- duration: 0ms -->
          <step title="Extracting to C:\local\Temp\zipdeploy\extracted\EFCore.NamingConventions.dll ..." date="2026-01-20T21:36:21.333" /><!-- duration: 16ms -->
          <step title="Extracting to C:\local\Temp\zipdeploy\extracted\FluentValidation.AspNetCore.dll ..." date="2026-01-20T21:36:21.348" /><!-- duration: 0ms -->
          <step title="Omitting extracting file traces ..." date="2026-01-20T21:36:21.364" /><!-- duration: 0ms -->
          <step title="Extracting to C:\local\Temp\zipdeploy\extracted\Swashbuckle.AspNetCore.SwaggerGen.dll ..." date="2026-01-20T21:36:21.489" /><!-- duration: 16ms -->
          <step title="Extracting to C:\local\Temp\zipdeploy\extracted\Swashbuckle.AspNetCore.SwaggerUI.dll ..." date="2026-01-20T21:36:21.505" /><!-- duration: 31ms -->
          <step title="Extracting to C:\local\Temp\zipdeploy\extracted\System.Diagnostics.DiagnosticSource.dll ..." date="2026-01-20T21:36:21.551" /><!-- duration: 0ms -->
          <step title="Extracting to C:\local\Temp\zipdeploy\extracted\System.IdentityModel.Tokens.Jwt.dll ..." date="2026-01-20T21:36:21.551" /><!-- duration: 16ms -->
          <step title="Extracting to C:\local\Temp\zipdeploy\extracted\web.config ..." date="2026-01-20T21:36:21.567" /><!-- duration: 0ms -->
        </step><!-- duration: 297ms -->
      </step><!-- duration: 297ms -->
      <step title="None repository commit" date="2026-01-20T21:36:21.598" >
        <step title="Commit id: afa867b30d11495e9df2d859b9b8dbbe" date="2026-01-20T21:36:21.598" Message="OneDeploy" AuthorName="N/A" AuthorEmail="N/A" /><!-- duration: 0ms -->
      </step><!-- duration: 16ms -->
      <step title="Before sending BuildRequestReceived status to /api/updatedeploystatus" date="2026-01-20T21:36:21.614" /><!-- duration: 0ms -->
      <step title="DeploymentManager.Deploy(id:afa867b30d11495e9df2d859b9b8dbbe)" date="2026-01-20T21:36:21.630" >
        <step title="Collecting changeset information" date="2026-01-20T21:36:21.630" /><!-- duration: 31ms -->
        <step title="Updating submodules" date="2026-01-20T21:36:21.661" >
          <step title="Updating submodules." date="2026-01-20T21:36:21.708" /><!-- duration: 16ms -->
        </step><!-- duration: 78ms -->
        <step title="Preparing deployment for commit id &apos;afa867b30d&apos;." date="2026-01-20T21:36:21.801" /><!-- duration: 16ms -->
        <step title="Determining deployment builder" date="2026-01-20T21:36:21.864" >
          <step title="Builder is OneDeployBuilder" date="2026-01-20T21:36:21.864" /><!-- duration: 16ms -->
        </step><!-- duration: 16ms -->
        <step title="Copying SSH keys" date="2026-01-20T21:36:21.895" /><!-- duration: 0ms -->
        <step title="Building" date="2026-01-20T21:36:21.895" >
          <step title="Running build. Project type: OneDeploy" date="2026-01-20T21:36:21.942" /><!-- duration: 0ms -->
          <step title="Copying the manifest" date="2026-01-20T21:36:21.989" /><!-- duration: 0ms -->
          <step title="Clean deploying to C:\home\site\wwwroot" date="2026-01-20T21:36:22.036" /><!-- duration: 0ms -->
          <step title="Generating deployment script." date="2026-01-20T21:36:22.067" /><!-- duration: 16ms -->
          <step title="Generating deployment script" date="2026-01-20T21:36:22.098" >
            <step title="Using the following command to generate deployment script: &apos;azure site deploymentscript -y --no-dot-deployment -r &quot;C:\local\Temp\zipdeploy\extracted&quot; -o &quot;C:\home\site\deployments\tools&quot; --basic --sitePath &quot;C:\local\Temp\zipdeploy\extracted&quot;&apos;." date="2026-01-20T21:36:22.145" /><!-- duration: 16ms -->
            <step title="Executing external process" date="2026-01-20T21:36:22.176" type="process" path="starter.cmd" arguments="&quot;C:\Program Files (x86)\SiteExtensions\Kudu\2025.11.1.1\bin\node_modules\.bin\kuduscript.cmd&quot; -y --no-dot-deployment -r &quot;C:\local\Temp\zipdeploy\extracted&quot; -o &quot;C:\home\site\deployments\tools&quot; --basic --sitePath &quot;C:\local\Temp\zipdeploy\extracted&quot;" >
              <step title="Generating deployment script for Web Site" date="2026-01-20T21:36:22.317" /><!-- duration: 0ms -->
              <step title="Generated deployment script files" date="2026-01-20T21:36:22.333" /><!-- duration: 16ms -->
            </step><!-- duration: 172ms -->
            <step title="Saved cached version of the deployment script for command -y --no-dot-deployment -r &quot;C:\local\Temp\zipdeploy\extracted&quot; -o &quot;C:\home\site\deployments\tools&quot; --basic --sitePath &quot;C:\local\Temp\zipdeploy\extracted&quot;" date="2026-01-20T21:36:22.364" /><!-- duration: 0ms -->
          </step><!-- duration: 281ms -->
          <step title="Running deployment command..." date="2026-01-20T21:36:22.411" /><!-- duration: 0ms -->
          <step title="Command: &quot;C:\home\site\deployments\tools\deploy.cmd&quot;" date="2026-01-20T21:36:22.426" /><!-- duration: 0ms -->
          <step title="Executing external process" date="2026-01-20T21:36:22.442" type="process" path="starter.cmd" arguments="&quot;C:\home\site\deployments\tools\deploy.cmd&quot;" >
            <step title="Handling Basic Web Site deployment." date="2026-01-20T21:36:22.583" /><!-- duration: 16ms -->
            <step title="Creating app_offline.htm" date="2026-01-20T21:36:22.802" /><!-- duration: 0ms -->
            <step title="KuduSync.NET from: &apos;C:\local\Temp\zipdeploy\extracted&apos; to: &apos;C:\home\site\wwwroot&apos;" date="2026-01-20T21:36:22.833" /><!-- duration: 0ms -->
            <step title="Deleting file: &apos;hostingstart.html&apos;" date="2026-01-20T21:36:22.848" /><!-- duration: 0ms -->
            <step title="Copying file: &apos;appsettings.Development.json&apos;" date="2026-01-20T21:36:22.864" /><!-- duration: 0ms -->
            <step title="Copying file: &apos;appsettings.json&apos;" date="2026-01-20T21:36:22.880" /><!-- duration: 0ms -->
            <step title="Copying file: &apos;BCrypt.Net-Next.dll&apos;" date="2026-01-20T21:36:22.895" /><!-- duration: 0ms -->
            <step title="Copying file: &apos;EFCore.NamingConventions.dll&apos;" date="2026-01-20T21:36:22.911" /><!-- duration: 0ms -->
            <step title="Copying file: &apos;FluentValidation.AspNetCore.dll&apos;" date="2026-01-20T21:36:22.927" /><!-- duration: 0ms -->
            <step title="Copying file: &apos;FluentValidation.DependencyInjectionExtensions.dll&apos;" date="2026-01-20T21:36:22.942" /><!-- duration: 0ms -->
            <step title="Copying file: &apos;FluentValidation.dll&apos;" date="2026-01-20T21:36:22.958" /><!-- duration: 0ms -->
            <step title="Copying file: &apos;Identity.Application.dll&apos;" date="2026-01-20T21:36:22.973" /><!-- duration: 0ms -->
            <step title="Copying file: &apos;Identity.Application.pdb&apos;" date="2026-01-20T21:36:22.989" /><!-- duration: 0ms -->
            <step title="Copying file: &apos;Identity.Domain.dll&apos;" date="2026-01-20T21:36:23.005" /><!-- duration: 0ms -->
            <step title="Copying file: &apos;Identity.Domain.pdb&apos;" date="2026-01-20T21:36:23.020" /><!-- duration: 0ms -->
            <step title="Copying file: &apos;Identity.Infrastructure.dll&apos;" date="2026-01-20T21:36:23.036" /><!-- duration: 16ms -->
            <step title="Copying file: &apos;Identity.Infrastructure.pdb&apos;" date="2026-01-20T21:36:23.067" /><!-- duration: 0ms -->
            <step title="Copying file: &apos;Microsoft.AspNetCore.Authentication.JwtBearer.dll&apos;" date="2026-01-20T21:36:23.083" /><!-- duration: 0ms -->
            <step title="Copying file: &apos;Microsoft.AspNetCore.Cryptography.Internal.dll&apos;" date="2026-01-20T21:36:23.098" /><!-- duration: 0ms -->
            <step title="Copying file: &apos;Microsoft.AspNetCore.Cryptography.KeyDerivation.dll&apos;" date="2026-01-20T21:36:23.130" /><!-- duration: 0ms -->
            <step title="Copying file: &apos;Microsoft.EntityFrameworkCore.Abstractions.dll&apos;" date="2026-01-20T21:36:23.145" /><!-- duration: 0ms -->
            <step title="Copying file: &apos;Microsoft.EntityFrameworkCore.dll&apos;" date="2026-01-20T21:36:23.161" /><!-- duration: 0ms -->
            <step title="Copying file: &apos;Microsoft.EntityFrameworkCore.Relational.dll&apos;" date="2026-01-20T21:36:23.177" /><!-- duration: 0ms -->
            <step title="Copying file: &apos;Microsoft.Extensions.Caching.Abstractions.dll&apos;" date="2026-01-20T21:36:23.192" /><!-- duration: 0ms -->
            <step title="Copying file: &apos;Microsoft.Extensions.Caching.Memory.dll&apos;" date="2026-01-20T21:36:23.208" /><!-- duration: 0ms -->
            <step title="Copying file: &apos;Microsoft.Extensions.Configuration.Abstractions.dll&apos;" date="2026-01-20T21:36:23.223" /><!-- duration: 16ms -->
            <step title="Copying file: &apos;Microsoft.Extensions.DependencyInjection.Abstractions.dll&apos;" date="2026-01-20T21:36:23.239" /><!-- duration: 16ms -->
            <step title="Copying file: &apos;Microsoft.Extensions.DependencyInjection.dll&apos;" date="2026-01-20T21:36:23.255" /><!-- duration: 0ms -->
            <step title="Copying file: &apos;Microsoft.Extensions.Identity.Core.dll&apos;" date="2026-01-20T21:36:23.270" /><!-- duration: 0ms -->
            <step title="Copying file: &apos;Microsoft.Extensions.Logging.Abstractions.dll&apos;" date="2026-01-20T21:36:23.286" /><!-- duration: 0ms -->
            <step title="Copying file: &apos;Microsoft.Extensions.Logging.dll&apos;" date="2026-01-20T21:36:23.302" /><!-- duration: 16ms -->
            <step title="Copying file: &apos;Microsoft.Extensions.Options.dll&apos;" date="2026-01-20T21:36:23.317" /><!-- duration: 16ms -->
            <step title="Copying file: &apos;Microsoft.Extensions.Primitives.dll&apos;" date="2026-01-20T21:36:23.348" /><!-- duration: 0ms -->
            <step title="Copying file: &apos;Microsoft.IdentityModel.Abstractions.dll&apos;" date="2026-01-20T21:36:23.348" /><!-- duration: 16ms -->
            <step title="Copying file: &apos;Microsoft.IdentityModel.JsonWebTokens.dll&apos;" date="2026-01-20T21:36:23.364" /><!-- duration: 16ms -->
            <step title="Copying file: &apos;Microsoft.IdentityModel.Logging.dll&apos;" date="2026-01-20T21:36:23.380" /><!-- duration: 16ms -->
            <step title="Copying file: &apos;Microsoft.IdentityModel.Protocols.dll&apos;" date="2026-01-20T21:36:23.395" /><!-- duration: 16ms -->
            <step title="Copying file: &apos;Microsoft.IdentityModel.Protocols.OpenIdConnect.dll&apos;" date="2026-01-20T21:36:23.411" /><!-- duration: 16ms -->
            <step title="Copying file: &apos;Microsoft.IdentityModel.Tokens.dll&apos;" date="2026-01-20T21:36:23.442" /><!-- duration: 0ms -->
            <step title="Copying file: &apos;Microsoft.OpenApi.dll&apos;" date="2026-01-20T21:36:23.458" /><!-- duration: 0ms -->
            <step title="Copying file: &apos;Multiloja.Api.deps.json&apos;" date="2026-01-20T21:36:23.473" /><!-- duration: 0ms -->
            <step title="Copying file: &apos;Multiloja.Api.dll&apos;" date="2026-01-20T21:36:23.489" /><!-- duration: 0ms -->
            <step title="Copying file: &apos;Multiloja.Api.exe&apos;" date="2026-01-20T21:36:23.505" /><!-- duration: 0ms -->
            <step title="Copying file: &apos;Multiloja.Api.pdb&apos;" date="2026-01-20T21:36:23.520" /><!-- duration: 0ms -->
            <step title="Copying file: &apos;Multiloja.Api.runtimeconfig.json&apos;" date="2026-01-20T21:36:23.536" /><!-- duration: 0ms -->
            <step title="Copying file: &apos;Multiloja.Api.staticwebassets.endpoints.json&apos;" date="2026-01-20T21:36:23.567" /><!-- duration: 0ms -->
            <step title="Copying file: &apos;Npgsql.dll&apos;" date="2026-01-20T21:36:23.583" /><!-- duration: 0ms -->
            <step title="Copying file: &apos;Npgsql.EntityFrameworkCore.PostgreSQL.dll&apos;" date="2026-01-20T21:36:23.598" /><!-- duration: 0ms -->
            <step title="Copying file: &apos;Swashbuckle.AspNetCore.Swagger.dll&apos;" date="2026-01-20T21:36:23.614" /><!-- duration: 0ms -->
            <step title="Copying file: &apos;Swashbuckle.AspNetCore.SwaggerGen.dll&apos;" date="2026-01-20T21:36:23.630" /><!-- duration: 0ms -->
            <step title="Copying file: &apos;Swashbuckle.AspNetCore.SwaggerUI.dll&apos;" date="2026-01-20T21:36:23.645" /><!-- duration: 0ms -->
            <step title="Omitting next output lines..." date="2026-01-20T21:36:23.677" /><!-- duration: 0ms -->
            <step title="Finished successfully." date="2026-01-20T21:36:23.677" /><!-- duration: 16ms -->
          </step><!-- duration: 1250ms -->
          <step title="Build completed succesfully." date="2026-01-20T21:36:23.723" /><!-- duration: 16ms -->
          <step title="Running post deployment command(s)..." date="2026-01-20T21:36:23.786" /><!-- duration: 0ms -->
          <step title="Requesting site restart" date="2026-01-20T21:36:23.833" /><!-- duration: 0ms -->
          <step title="Requesting site restart" date="2026-01-20T21:36:23.833" /><!-- duration: 0ms -->
          <step title="Requesting site restart. Attempt #1" date="2026-01-20T21:36:23.880" /><!-- duration: 0ms -->
          <step title="Requesting site restart. Attempt #1" date="2026-01-20T21:36:23.895" /><!-- duration: 0ms -->
          <step title="Successfully requested a restart. Attempt #1" date="2026-01-20T21:36:24.239" /><!-- duration: 0ms -->
          <step title="Successfully requested a restart. Attempt #1" date="2026-01-20T21:36:24.255" /><!-- duration: 0ms -->
          <step title="Deployment successful. DEPLOYMENTINFO: deploymentPath = OneDeploy, deployer = OneDeploy, os = windows, sku = Free, siteName = multiloja-identity-api-br, siteHostName = multiloja-identity-api-br-gua5c6e0fafdbbb3.brazilsouth-01.azurewebsites.net, deploymentStatus = Success" date="2026-01-20T21:36:24.287" /><!-- duration: 16ms -->
        </step><!-- duration: 2548ms -->
      </step><!-- duration: 2814ms -->
      <step title="Cleaning up temp files" date="2026-01-20T21:36:24.443" /><!-- duration: 16ms -->
      <step title="Skip function trigger and logicapp sync because function is not enabled." date="2026-01-20T21:36:24.459" /><!-- duration: 0ms -->
    </step><!-- duration: 3423ms -->
    <step title="LockFile &apos;C:\home\site\locks\deployments.lock&apos; released" date="2026-01-20T21:36:24.506" /><!-- duration: 0ms -->
    <step title="Deleting shutdown sentinel file" date="2026-01-20T21:36:24.522" SemaphoreCount="8" /><!-- duration: 0ms -->
  </step><!-- duration: 3704ms -->
  <step title="Outgoing response" date="2026-01-20T21:36:24.568" type="response" statusCode="200" statusText="OK" Server="Microsoft-IIS/10.0" x-ms-request-id="067db618-f648-11f0-95f6-bceca0e6ff7c" Cache-Control="private" X-AspNet-Version="4.0.30319" /><!-- duration: 0ms -->
</step><!-- duration: 4001ms -->
