﻿<?xml version="1.0" encoding="utf-8"?>
<deployment>
  <id>afa867b30d11495e9df2d859b9b8dbbe</id>
  <author>N/A</author>
  <deployer>OneDeploy</deployer>
  <authorEmail>N/A</authorEmail>
  <message>OneDeploy</message>
  <progress></progress>
  <status>Success</status>
  <statusText></statusText>
  <lastSuccessEndTime>2026-01-20T21:36:24.3187199Z</lastSuccessEndTime>
  <receivedTime>2026-01-20T21:36:21.6457002Z</receivedTime>
  <startTime>2026-01-20T21:36:21.8488386Z</startTime>
  <endTime>2026-01-20T21:36:24.3187199Z</endTime>
  <complete>True</complete>
  <is_temp>False</is_temp>
  <is_readonly>True</is_readonly>
  <project_type>OneDeploy</project_type>
  <vsproject_id></vsproject_id>
</deployment>