<step title="Incoming Request" date="2026-01-21T01:57:20.011" instance="a6e48b" url="/logstream" method="GET" type="request" pid="17452,2,7" Connection="Keep-Alive" Accept-Encoding="identity" Authorization="Bea..." Host="multiloja-identity-api-br-gua5c6e0fafdbbb3.scm.brazilsouth-01.azurewebsites.net" User-Agent="AZURECLI/2.80.0 (MSI)" x-ms-client-request-id="7d225018-f66c-11f0-b138-bceca0e6ff7c" X-ARR-LOG-ID="7d225018-f66c-11f0-b138-bceca0e6ff7c" CLIENT-IP="177.128.177.206:8336" X-SITE-DEPLOYMENT-ID="multiloja-identity-api-br" WAS-DEFAULT-HOSTNAME="multiloja-identity-api-br-gua5c6e0fafdbbb3.scm.brazilsouth-01.azurewebsites.net" X-Forwarded-Proto="https" X-AppService-Proto="https" X-Forwarded-TlsVersion="1.3" X-WAWS-Unencoded-URL="/logstream" X-MS-COLDSTART="1" >
  <step title="LogStreamHandler.BeginProcessRequest" date="2026-01-21T01:57:20.167" >
    <step title="LockFile &apos;C:\home\site\locks\hooks.lock&apos; acquired" date="2026-01-21T01:57:20.261" /><!-- duration: 0ms -->
    <step title="LockFile &apos;C:\home\site\locks\hooks.lock&apos; released" date="2026-01-21T01:57:20.339" /><!-- duration: 0ms -->
  </step><!-- duration: 188ms -->
  <step title="LogStreamHandler.EndProcessRequest" date="2026-01-21T02:59:08.434" /><!-- duration: 0ms -->
  <step title="LogStreamManager.OnRenamed" date="2026-01-21T02:59:08.450" ponse" statusCode="200" statusText="OK" Server="Microsoft-IIS/10.0" Cache-Control="private" X-AspNet-Version="4.0.30319" Content-Type="text/plain; charset=utf-8" /><!-- duration: 0ms -->
>
    <step title="Error occurred" date="2026-01-21T02:59:08.450" type="error" text="Object reference not set to an instance of an object." stackTrace="   at Kudu.Services.Performance.LogStreamManager.OnRenamed(Object sender, RenamedEventArgs e) in C:\__w\1\s\Kudu.Services\Diagnostics\LogStreamManager.cs:line 435
   at Kudu.Services.Performance.LogStreamManager.&lt;&gt;c__DisplayClass27_0`2.&lt;DoSafeAction&gt;b__0(T1 t1, T2 t2) in C:\__w\1\s\Kudu.Services\Diagnostics\LogStreamManager.cs:line 233"   </step><!-- duration: 0ms -->
/><!-- duration: 16ms -->
</step><!-- duration: 3708470ms -->
