<step title="Incoming Request" date="2026-01-21T02:03:15.534" instance="a6e48b" url="/logstream" method="GET" type="request" pid="17452,2,15" Accept-Encoding="identity" Authorization="Bea..." Host="multiloja-identity-api-br-gua5c6e0fafdbbb3.scm.brazilsouth-01.azurewebsites.net" User-Agent="AZURECLI/2.80.0 (MSI)" x-ms-client-request-id="52a19e14-f66d-11f0-aeb7-bceca0e6ff7c" X-ARR-LOG-ID="52a19e14-f66d-11f0-aeb7-bceca0e6ff7c" CLIENT-IP="177.128.177.206:8299" X-SITE-DEPLOYMENT-ID="multiloja-identity-api-br" WAS-DEFAULT-HOSTNAME="multiloja-identity-api-br-gua5c6e0fafdbbb3.scm.brazilsouth-01.azurewebsites.net" X-Forwarded-Proto="https" X-AppService-Proto="https" X-Forwarded-TlsVersion="1.3" X-WAWS-Unencoded-URL="/logstream" >
  <step title="Cleanup Xml Logs" date="2026-01-21T02:03:15.534" /><!-- duration: 0ms -->
  <step title="LogStreamHandler.BeginProcessRequest" date="2026-01-21T02:03:15.534" >
    <step title="LockFile &apos;C:\home\site\locks\hooks.lock&apos; acquired" date="2026-01-21T02:03:15.580" /><!-- duration: 0ms -->
    <step title="LockFile &apos;C:\home\site\locks\hooks.lock&apos; released" date="2026-01-21T02:03:15.596" /><!-- duration: 16ms -->
  </step><!-- duration: 78ms -->
  <step title="LogStreamHandler.EndProcessRequest" date="2026-01-21T02:59:08.434" /><!-- duration: 0ms -->
  <step title="Outgoing response" date="2026-01-21T02:59:08.434" type="response" statusCode="200" statusText="OK" Server="Microsoft-IIS/10.0" Cache-Control="private" X-AspNet-Version="4.0.30319" Content-Type="text/plain; charset=utf-8" /><!-- duration: 0ms -->
occurred" date="2026-01-21T02:59:08.434" type="error" text="Object reference not set to an instance of an object." stackTrace="   at Kudu.Services.Performance.LogStreamManager.OnRenamed(Object sender, RenamedEventArgs e) in C:\__w\1\s\Kudu.Services\Diagnostics\LogStreamManager.cs:line 435
   at Kudu.Services.Performance.LogStreamManager.&lt;&gt;c__DisplayClass27_0`2.&lt;DoSafeAction&gt;b__0(T1 t1, T2 t2) in C:\__w\1\s\Kudu.Services\Diagnostics\LogStreamManager.cs:line 233" /><!-- duration: 16ms -->
  </step><!-- duration: 16ms -->
</step><!-- duration: 3352916ms -->
