<Events><Event><System><Provider Name=".NET Runtime"/><EventID>1000</EventID><Level>1</Level><Task>0</Task><Keywords>Keywords</Keywords><TimeCreated SystemTime="2026-01-21T03:07:52Z"/><EventRecordID>252258906</EventRecordID><Channel>Application</Channel><Computer>WEBWK000001</Computer><Security/></System><EventData><Data>Category: Microsoft.EntityFrameworkCore.Database.Command
EventId: 20102
SpanId: a7ff75a8bd441b0f
TraceId: 0c9d613597b9a22f72c5c2d9ba13718d
ParentId: 0000000000000000
RequestId: 40000551-0004-f800-b63f-84710c7967bb
RequestPath: /api/Usuario/login
ActionId: 8bd75ca3-25c7-4338-ad01-f82e2caefe1d
ActionName: Multiloja.Api.Controller.IdentityController.Login (Multiloja.Api)

Failed executing DbCommand (32,027ms) [Parameters=[@__usuarioId_0='?' (DbType = Guid)], CommandType='Text', CommandTimeout='30']
SELECT u.id, u.ativo, u.desativado_em, u.loja_id, u.nivel_acesso, u.usuario_id, u.vinculado_em
FROM usuarios_lojas AS u
WHERE u.usuario_id = @__usuarioId_0 AND u.ativo
</Data></EventData></Event><Event><System><Provider Name=".NET Runtime"/><EventID>1000</EventID><Level>1</Level><Task>0</Task><Keywords>Keywords</Keywords><TimeCreated SystemTime="2026-01-21T03:07:52Z"/><EventRecordID>252258906</EventRecordID><Channel>Application</Channel><Computer>WEBWK000001</Computer><Security/></System><EventData><Data>Category: Microsoft.EntityFrameworkCore.Query
EventId: 10100
SpanId: a7ff75a8bd441b0f
TraceId: 0c9d613597b9a22f72c5c2d9ba13718d
ParentId: 0000000000000000
RequestId: 40000551-0004-f800-b63f-84710c7967bb
RequestPath: /api/Usuario/login
ActionId: 8bd75ca3-25c7-4338-ad01-f82e2caefe1d
ActionName: Multiloja.Api.Controller.IdentityController.Login (Multiloja.Api)

An exception occurred while iterating over the results of a query for context type 'IdentityDbContext'.
System.InvalidOperationException: An exception has been raised that is likely due to a transient failure.
 ---&gt; Npgsql.NpgsqlException (0x80004005): Exception while reading from stream
 ---&gt; System.TimeoutException: Timeout during reading attempt
   at Npgsql.Internal.NpgsqlReadBuffer.&lt;Ensure&gt;g__EnsureLong|55_0(NpgsqlReadBuffer buffer, Int32 count, Boolean async, Boolean readingNotifications)
   at System.Runtime.CompilerServices.PoolingAsyncValueTaskMethodBuilder`1.StateMachineBox`1.System.Threading.Tasks.Sources.IValueTaskSource.GetResult(Int16 token)
   at Npgsql.Internal.NpgsqlConnector.ReadMessageLong(Boolean async, DataRowLoadingMode dataRowLoadingMode, Boolean readingNotifications, Boolean isReadingPrependedMessage)
   at System.Runtime.CompilerServices.PoolingAsyncValueTaskMethodBuilder`1.StateMachineBox`1.System.Threading.Tasks.Sources.IValueTaskSource&lt;TResult&gt;.GetResult(Int16 token)
   at Npgsql.NpgsqlDataReader.NextResult(Boolean async, Boolean isConsuming, CancellationToken cancellationToken)
   at Npgsql.NpgsqlDataReader.NextResult(Boolean async, Boolean isConsuming, CancellationToken cancellationToken)
   at Npgsql.NpgsqlCommand.ExecuteReader(Boolean async, CommandBehavior behavior, CancellationToken cancellationToken)
   at Npgsql.NpgsqlCommand.ExecuteReader(Boolean async, CommandBehavior behavior, CancellationToken cancellationToken)
   at Npgsql.NpgsqlCommand.ExecuteDbDataReaderAsync(CommandBehavior behavior, CancellationToken cancellationToken)
   at Microsoft.EntityFrameworkCore.Storage.RelationalCommand.ExecuteReaderAsync(RelationalCommandParameterObject parameterObject, CancellationToken cancellationToken)
   at Microsoft.EntityFrameworkCore.Storage.RelationalCommand.ExecuteReaderAsync(RelationalCommandParameterObject parameterObject, CancellationToken cancellationToken)
   at Microsoft.EntityFrameworkCore.Query.Internal.SingleQueryingEnumerable`1.AsyncEnumerator.InitializeReaderAsync(AsyncEnumerator enumerator, CancellationToken cancellationToken)
   at Npgsql.EntityFrameworkCore.PostgreSQL.Storage.Internal.NpgsqlExecutionStrategy.ExecuteAsync[TState,TResult](TState state, Func`4 operation, Func`4 verifySucceeded, CancellationToken cancellationToken)
   --- End of inner exception stack trace ---
   at Npgsql.EntityFrameworkCore.PostgreSQL.Storage.Internal.NpgsqlExecutionStrategy.ExecuteAsync[TState,TResult](TState state, Func`4 operation, Func`4 verifySucceeded, CancellationToken cancellationToken)
   at Microsoft.EntityFrameworkCore.Query.Internal.SingleQueryingEnumerable`1.AsyncEnumerator.MoveNextAsync()

Exception: 
System.InvalidOperationException: An exception has been raised that is likely due to a transient failure.
 ---&gt; Npgsql.NpgsqlException (0x80004005): Exception while reading from stream
 ---&gt; System.TimeoutException: Timeout during reading attempt
   at Npgsql.Internal.NpgsqlReadBuffer.&lt;Ensure&gt;g__EnsureLong|55_0(NpgsqlReadBuffer buffer, Int32 count, Boolean async, Boolean readingNotifications)
   at System.Runtime.CompilerServices.PoolingAsyncValueTaskMethodBuilder`1.StateMachineBox`1.System.Threading.Tasks.Sources.IValueTaskSource.GetResult(Int16 token)
   at Npgsql.Internal.NpgsqlConnector.ReadMessageLong(Boolean async, DataRowLoadingMode dataRowLoadingMode, Boolean readingNotifications, Boolean isReadingPrependedMessage)
   at System.Runtime.CompilerServices.PoolingAsyncValueTaskMethodBuilder`1.StateMachineBox`1.System.Threading.Tasks.Sources.IValueTaskSource&lt;TResult&gt;.GetResult(Int16 token)
   at Npgsql.NpgsqlDataReader.NextResult(Boolean async, Boolean isConsuming, CancellationToken cancellationToken)
   at Npgsql.NpgsqlDataReader.NextResult(Boolean async, Boolean isConsuming, CancellationToken cancellationToken)
   at Npgsql.NpgsqlCommand.ExecuteReader(Boolean async, CommandBehavior behavior, CancellationToken cancellationToken)
   at Npgsql.NpgsqlCommand.ExecuteReader(Boolean async, CommandBehavior behavior, CancellationToken cancellationToken)
   at Npgsql.NpgsqlCommand.ExecuteDbDataReaderAsync(CommandBehavior behavior, CancellationToken cancellationToken)
   at Microsoft.EntityFrameworkCore.Storage.RelationalCommand.ExecuteReaderAsync(RelationalCommandParameterObject parameterObject, CancellationToken cancellationToken)
   at Microsoft.EntityFrameworkCore.Storage.RelationalCommand.ExecuteReaderAsync(RelationalCommandParameterObject parameterObject, CancellationToken cancellationToken)
   at Microsoft.EntityFrameworkCore.Query.Internal.SingleQueryingEnumerable`1.AsyncEnumerator.InitializeReaderAsync(AsyncEnumerator enumerator, CancellationToken cancellationToken)
   at Npgsql.EntityFrameworkCore.PostgreSQL.Storage.Internal.NpgsqlExecutionStrategy.ExecuteAsync[TState,TResult](TState state, Func`4 operation, Func`4 verifySucceeded, CancellationToken cancellationToken)
   --- End of inner exception stack trace ---
   at Npgsql.EntityFrameworkCore.PostgreSQL.Storage.Internal.NpgsqlExecutionStrategy.ExecuteAsync[TState,TResult](TState state, Func`4 operation, Func`4 verifySucceeded, CancellationToken cancellationToken)
   at Microsoft.EntityFrameworkCore.Query.Internal.SingleQueryingEnumerable`1.AsyncEnumerator.MoveNextAsync()
</Data></EventData></Event><Event><System><Provider Name=".NET Runtime"/><EventID>1000</EventID><Level>1</Level><Task>0</Task><Keywords>Keywords</Keywords><TimeCreated SystemTime="2026-01-21T03:07:52Z"/><EventRecordID>252258921</EventRecordID><Channel>Application</Channel><Computer>WEBWK000001</Computer><Security/></System><EventData><Data>Category: Microsoft.AspNetCore.Server.IIS.Core.IISHttpServer
EventId: 2
SpanId: a7ff75a8bd441b0f
TraceId: 0c9d613597b9a22f72c5c2d9ba13718d
ParentId: 0000000000000000
RequestId: 40000551-0004-f800-b63f-84710c7967bb
RequestPath: /api/Usuario/login

Connection ID "17870283339391305038", Request ID "40000551-0004-f800-b63f-84710c7967bb": An unhandled exception was thrown by the application.

Exception: 
System.InvalidOperationException: An exception has been raised that is likely due to a transient failure.
 ---&gt; Npgsql.NpgsqlException (0x80004005): Exception while reading from stream
 ---&gt; System.TimeoutException: Timeout during reading attempt
   at Npgsql.Internal.NpgsqlReadBuffer.&lt;Ensure&gt;g__EnsureLong|55_0(NpgsqlReadBuffer buffer, Int32 count, Boolean async, Boolean readingNotifications)
   at System.Runtime.CompilerServices.PoolingAsyncValueTaskMethodBuilder`1.StateMachineBox`1.System.Threading.Tasks.Sources.IValueTaskSource.GetResult(Int16 token)
   at Npgsql.Internal.NpgsqlConnector.ReadMessageLong(Boolean async, DataRowLoadingMode dataRowLoadingMode, Boolean readingNotifications, Boolean isReadingPrependedMessage)
   at System.Runtime.CompilerServices.PoolingAsyncValueTaskMethodBuilder`1.StateMachineBox`1.System.Threading.Tasks.Sources.IValueTaskSource&lt;TResult&gt;.GetResult(Int16 token)
   at Npgsql.NpgsqlDataReader.NextResult(Boolean async, Boolean isConsuming, CancellationToken cancellationToken)
   at Npgsql.NpgsqlDataReader.NextResult(Boolean async, Boolean isConsuming, CancellationToken cancellationToken)
   at Npgsql.NpgsqlCommand.ExecuteReader(Boolean async, CommandBehavior behavior, CancellationToken cancellationToken)
   at Npgsql.NpgsqlCommand.ExecuteReader(Boolean async, CommandBehavior behavior, CancellationToken cancellationToken)
   at Npgsql.NpgsqlCommand.ExecuteDbDataReaderAsync(CommandBehavior behavior, CancellationToken cancellationToken)
   at Microsoft.EntityFrameworkCore.Storage.RelationalCommand.ExecuteReaderAsync(RelationalCommandParameterObject parameterObject, CancellationToken cancellationToken)
   at Microsoft.EntityFrameworkCore.Storage.RelationalCommand.ExecuteReaderAsync(RelationalCommandParameterObject parameterObject, CancellationToken cancellationToken)
   at Microsoft.EntityFrameworkCore.Query.Internal.SingleQueryingEnumerable`1.AsyncEnumerator.InitializeReaderAsync(AsyncEnumerator enumerator, CancellationToken cancellationToken)
   at Npgsql.EntityFrameworkCore.PostgreSQL.Storage.Internal.NpgsqlExecutionStrategy.ExecuteAsync[TState,TResult](TState state, Func`4 operation, Func`4 verifySucceeded, CancellationToken cancellationToken)
   --- End of inner exception stack trace ---
   at Npgsql.EntityFrameworkCore.PostgreSQL.Storage.Internal.NpgsqlExecutionStrategy.ExecuteAsync[TState,TResult](TState state, Func`4 operation, Func`4 verifySucceeded, CancellationToken cancellationToken)
   at Microsoft.EntityFrameworkCore.Query.Internal.SingleQueryingEnumerable`1.AsyncEnumerator.MoveNextAsync()
   at Microsoft.EntityFrameworkCore.EntityFrameworkQueryableExtensions.ToListAsync[TSource](IQueryable`1 source, CancellationToken cancellationToken)
   at Microsoft.EntityFrameworkCore.EntityFrameworkQueryableExtensions.ToListAsync[TSource](IQueryable`1 source, CancellationToken cancellationToken)
   at Identity.Application.Services.IdentityService.LoginAsync(LoginRequest dto, CancellationToken ct) in C:\Proj\backup\multiloja\Identity.Application\Services\IdentityService.cs:line 106
   at Multiloja.Api.Controller.IdentityController.Login(LoginRequest dto, CancellationToken ct) in C:\Proj\backup\multiloja\multiloja\Controller\IdentityController.cs:line 33
   at lambda_method7(Closure, Object)
   at Microsoft.AspNetCore.Mvc.Infrastructure.ActionMethodExecutor.AwaitableObjectResultExecutor.Execute(ActionContext actionContext, IActionResultTypeMapper mapper, ObjectMethodExecutor executor, Object controller, Object[] arguments)
   at Microsoft.AspNetCore.Mvc.Infrastructure.ControllerActionInvoker.&lt;InvokeActionMethodAsync&gt;g__Awaited|12_0(ControllerActionInvoker invoker, ValueTask`1 actionResultValueTask)
   at Microsoft.AspNetCore.Mvc.Infrastructure.ControllerActionInvoker.&lt;InvokeNextActionFilterAsync&gt;g__Awaited|10_0(ControllerActionInvoker invoker, Task lastTask, State next, Scope scope, Object state, Boolean isCompleted)
   at Microsoft.AspNetCore.Mvc.Infrastructure.ControllerActionInvoker.Rethrow(ActionExecutedContextSealed context)
   at Microsoft.AspNetCore.Mvc.Infrastructure.ControllerActionInvoker.Next(State&amp; next, Scope&amp; scope, Object&amp; state, Boolean&amp; isCompleted)
   at Microsoft.AspNetCore.Mvc.Infrastructure.ControllerActionInvoker.&lt;InvokeInnerFilterAsync&gt;g__Awaited|13_0(ControllerActionInvoker invoker, Task lastTask, State next, Scope scope, Object state, Boolean isCompleted)
   at Microsoft.AspNetCore.Mvc.Infrastructure.ResourceInvoker.&lt;InvokeFilterPipelineAsync&gt;g__Awaited|20_0(ResourceInvoker invoker, Task lastTask, State next, Scope scope, Object state, Boolean isCompleted)
   at Microsoft.AspNetCore.Mvc.Infrastructure.ResourceInvoker.&lt;InvokeAsync&gt;g__Awaited|17_0(ResourceInvoker invoker, Task task, IDisposable scope)
   at Microsoft.AspNetCore.Mvc.Infrastructure.ResourceInvoker.&lt;InvokeAsync&gt;g__Awaited|17_0(ResourceInvoker invoker, Task task, IDisposable scope)
   at Microsoft.AspNetCore.Authorization.AuthorizationMiddleware.Invoke(HttpContext context)
   at Microsoft.AspNetCore.Authentication.AuthenticationMiddleware.Invoke(HttpContext context)
   at Microsoft.AspNetCore.Server.IIS.Core.IISHttpContextOfT`1.ProcessRequestAsync()
</Data></EventData></Event><Event><System><Provider Name=".NET Runtime"/><EventID>1000</EventID><Level>1</Level><Task>0</Task><Keywords>Keywords</Keywords><TimeCreated SystemTime="2026-01-21T03:08:10Z"/><EventRecordID>252277296</EventRecordID><Channel>Application</Channel><Computer>WEBWK000001</Computer><Security/></System><EventData><Data>Category: Microsoft.AspNetCore.Server.IIS.Core.IISHttpServer
EventId: 2
SpanId: f10514ce3781cc6e
TraceId: e421d7b555d388c4d18b09b172eb1c40
ParentId: 0000000000000000
RequestId: 4000055d-0004-f800-b63f-84710c7967bb
RequestPath: /api/Usuario/login

Connection ID "17870283339391305038", Request ID "4000055d-0004-f800-b63f-84710c7967bb": An unhandled exception was thrown by the application.

Exception: 
System.UnauthorizedAccessException: Credenciais inválidas.
   at Identity.Application.Services.IdentityService.LoginAsync(LoginRequest dto, CancellationToken ct) in C:\Proj\backup\multiloja\Identity.Application\Services\IdentityService.cs:line 103
   at Multiloja.Api.Controller.IdentityController.Login(LoginRequest dto, CancellationToken ct) in C:\Proj\backup\multiloja\multiloja\Controller\IdentityController.cs:line 33
   at lambda_method7(Closure, Object)
   at Microsoft.AspNetCore.Mvc.Infrastructure.ActionMethodExecutor.AwaitableObjectResultExecutor.Execute(ActionContext actionContext, IActionResultTypeMapper mapper, ObjectMethodExecutor executor, Object controller, Object[] arguments)
   at Microsoft.AspNetCore.Mvc.Infrastructure.ControllerActionInvoker.&lt;InvokeActionMethodAsync&gt;g__Awaited|12_0(ControllerActionInvoker invoker, ValueTask`1 actionResultValueTask)
   at Microsoft.AspNetCore.Mvc.Infrastructure.ControllerActionInvoker.&lt;InvokeNextActionFilterAsync&gt;g__Awaited|10_0(ControllerActionInvoker invoker, Task lastTask, State next, Scope scope, Object state, Boolean isCompleted)
   at Microsoft.AspNetCore.Mvc.Infrastructure.ControllerActionInvoker.Rethrow(ActionExecutedContextSealed context)
   at Microsoft.AspNetCore.Mvc.Infrastructure.ControllerActionInvoker.Next(State&amp; next, Scope&amp; scope, Object&amp; state, Boolean&amp; isCompleted)
   at Microsoft.AspNetCore.Mvc.Infrastructure.ControllerActionInvoker.&lt;InvokeInnerFilterAsync&gt;g__Awaited|13_0(ControllerActionInvoker invoker, Task lastTask, State next, Scope scope, Object state, Boolean isCompleted)
   at Microsoft.AspNetCore.Mvc.Infrastructure.ResourceInvoker.&lt;InvokeFilterPipelineAsync&gt;g__Awaited|20_0(ResourceInvoker invoker, Task lastTask, State next, Scope scope, Object state, Boolean isCompleted)
   at Microsoft.AspNetCore.Mvc.Infrastructure.ResourceInvoker.&lt;InvokeAsync&gt;g__Awaited|17_0(ResourceInvoker invoker, Task task, IDisposable scope)
   at Microsoft.AspNetCore.Mvc.Infrastructure.ResourceInvoker.&lt;InvokeAsync&gt;g__Awaited|17_0(ResourceInvoker invoker, Task task, IDisposable scope)
   at Microsoft.AspNetCore.Authorization.AuthorizationMiddleware.Invoke(HttpContext context)
   at Microsoft.AspNetCore.Authentication.AuthenticationMiddleware.Invoke(HttpContext context)
   at Microsoft.AspNetCore.Server.IIS.Core.IISHttpContextOfT`1.ProcessRequestAsync()
</Data></EventData></Event><Event><System><Provider Name=".NET Runtime"/><EventID>1000</EventID><Level>1</Level><Task>0</Task><Keywords>Keywords</Keywords><TimeCreated SystemTime="2026-01-21T03:08:44Z"/><EventRecordID>252310812</EventRecordID><Channel>Application</Channel><Computer>WEBWK000001</Computer><Security/></System><EventData><Data>Category: Microsoft.EntityFrameworkCore.Database.Command
EventId: 20102
SpanId: 839f13a092203bb1
TraceId: 5cc67f2ea02d16930534a44ab9208bac
ParentId: 0000000000000000
RequestId: 4000055e-0004-f800-b63f-84710c7967bb
RequestPath: /api/Usuario/login
ActionId: 8bd75ca3-25c7-4338-ad01-f82e2caefe1d
ActionName: Multiloja.Api.Controller.IdentityController.Login (Multiloja.Api)

Failed executing DbCommand (32,052ms) [Parameters=[@__nome_1='?'], CommandType='Text', CommandTimeout='30']
SELECT u.id, u.ativo, u.atualizado_em, u.cpf, u.criado_em, u.email, u.nivel_acesso, u.nome, u.senha_hash
FROM usuarios AS u
WHERE u.ativo AND u.nome ILIKE @__nome_1 ESCAPE ''
LIMIT 1
</Data></EventData></Event><Event><System><Provider Name=".NET Runtime"/><EventID>1000</EventID><Level>1</Level><Task>0</Task><Keywords>Keywords</Keywords><TimeCreated SystemTime="2026-01-21T03:08:44Z"/><EventRecordID>252310828</EventRecordID><Channel>Application</Channel><Computer>WEBWK000001</Computer><Security/></System><EventData><Data>Category: Microsoft.EntityFrameworkCore.Query
EventId: 10100
SpanId: 839f13a092203bb1
TraceId: 5cc67f2ea02d16930534a44ab9208bac
ParentId: 0000000000000000
RequestId: 4000055e-0004-f800-b63f-84710c7967bb
RequestPath: /api/Usuario/login
ActionId: 8bd75ca3-25c7-4338-ad01-f82e2caefe1d
ActionName: Multiloja.Api.Controller.IdentityController.Login (Multiloja.Api)

An exception occurred while iterating over the results of a query for context type 'IdentityDbContext'.
System.InvalidOperationException: An exception has been raised that is likely due to a transient failure.
 ---&gt; Npgsql.NpgsqlException (0x80004005): Exception while reading from stream
 ---&gt; System.TimeoutException: Timeout during reading attempt
   at Npgsql.Internal.NpgsqlReadBuffer.&lt;Ensure&gt;g__EnsureLong|55_0(NpgsqlReadBuffer buffer, Int32 count, Boolean async, Boolean readingNotifications)
   at System.Runtime.CompilerServices.PoolingAsyncValueTaskMethodBuilder`1.StateMachineBox`1.System.Threading.Tasks.Sources.IValueTaskSource.GetResult(Int16 token)
   at Npgsql.Internal.NpgsqlConnector.ReadMessageLong(Boolean async, DataRowLoadingMode dataRowLoadingMode, Boolean readingNotifications, Boolean isReadingPrependedMessage)
   at System.Runtime.CompilerServices.PoolingAsyncValueTaskMethodBuilder`1.StateMachineBox`1.System.Threading.Tasks.Sources.IValueTaskSource&lt;TResult&gt;.GetResult(Int16 token)
   at Npgsql.NpgsqlDataReader.NextResult(Boolean async, Boolean isConsuming, CancellationToken cancellationToken)
   at Npgsql.NpgsqlDataReader.NextResult(Boolean async, Boolean isConsuming, CancellationToken cancellationToken)
   at Npgsql.NpgsqlCommand.ExecuteReader(Boolean async, CommandBehavior behavior, CancellationToken cancellationToken)
   at Npgsql.NpgsqlCommand.ExecuteReader(Boolean async, CommandBehavior behavior, CancellationToken cancellationToken)
   at Npgsql.NpgsqlCommand.ExecuteDbDataReaderAsync(CommandBehavior behavior, CancellationToken cancellationToken)
   at Microsoft.EntityFrameworkCore.Storage.RelationalCommand.ExecuteReaderAsync(RelationalCommandParameterObject parameterObject, CancellationToken cancellationToken)
   at Microsoft.EntityFrameworkCore.Storage.RelationalCommand.ExecuteReaderAsync(RelationalCommandParameterObject parameterObject, CancellationToken cancellationToken)
   at Microsoft.EntityFrameworkCore.Query.Internal.SingleQueryingEnumerable`1.AsyncEnumerator.InitializeReaderAsync(AsyncEnumerator enumerator, CancellationToken cancellationToken)
   at Npgsql.EntityFrameworkCore.PostgreSQL.Storage.Internal.NpgsqlExecutionStrategy.ExecuteAsync[TState,TResult](TState state, Func`4 operation, Func`4 verifySucceeded, CancellationToken cancellationToken)
   --- End of inner exception stack trace ---
   at Npgsql.EntityFrameworkCore.PostgreSQL.Storage.Internal.NpgsqlExecutionStrategy.ExecuteAsync[TState,TResult](TState state, Func`4 operation, Func`4 verifySucceeded, CancellationToken cancellationToken)
   at Microsoft.EntityFrameworkCore.Query.Internal.SingleQueryingEnumerable`1.AsyncEnumerator.MoveNextAsync()

Exception: 
System.InvalidOperationException: An exception has been raised that is likely due to a transient failure.
 ---&gt; Npgsql.NpgsqlException (0x80004005): Exception while reading from stream
 ---&gt; System.TimeoutException: Timeout during reading attempt
   at Npgsql.Internal.NpgsqlReadBuffer.&lt;Ensure&gt;g__EnsureLong|55_0(NpgsqlReadBuffer buffer, Int32 count, Boolean async, Boolean readingNotifications)
   at System.Runtime.CompilerServices.PoolingAsyncValueTaskMethodBuilder`1.StateMachineBox`1.System.Threading.Tasks.Sources.IValueTaskSource.GetResult(Int16 token)
   at Npgsql.Internal.NpgsqlConnector.ReadMessageLong(Boolean async, DataRowLoadingMode dataRowLoadingMode, Boolean readingNotifications, Boolean isReadingPrependedMessage)
   at System.Runtime.CompilerServices.PoolingAsyncValueTaskMethodBuilder`1.StateMachineBox`1.System.Threading.Tasks.Sources.IValueTaskSource&lt;TResult&gt;.GetResult(Int16 token)
   at Npgsql.NpgsqlDataReader.NextResult(Boolean async, Boolean isConsuming, CancellationToken cancellationToken)
   at Npgsql.NpgsqlDataReader.NextResult(Boolean async, Boolean isConsuming, CancellationToken cancellationToken)
   at Npgsql.NpgsqlCommand.ExecuteReader(Boolean async, CommandBehavior behavior, CancellationToken cancellationToken)
   at Npgsql.NpgsqlCommand.ExecuteReader(Boolean async, CommandBehavior behavior, CancellationToken cancellationToken)
   at Npgsql.NpgsqlCommand.ExecuteDbDataReaderAsync(CommandBehavior behavior, CancellationToken cancellationToken)
   at Microsoft.EntityFrameworkCore.Storage.RelationalCommand.ExecuteReaderAsync(RelationalCommandParameterObject parameterObject, CancellationToken cancellationToken)
   at Microsoft.EntityFrameworkCore.Storage.RelationalCommand.ExecuteReaderAsync(RelationalCommandParameterObject parameterObject, CancellationToken cancellationToken)
   at Microsoft.EntityFrameworkCore.Query.Internal.SingleQueryingEnumerable`1.AsyncEnumerator.InitializeReaderAsync(AsyncEnumerator enumerator, CancellationToken cancellationToken)
   at Npgsql.EntityFrameworkCore.PostgreSQL.Storage.Internal.NpgsqlExecutionStrategy.ExecuteAsync[TState,TResult](TState state, Func`4 operation, Func`4 verifySucceeded, CancellationToken cancellationToken)
   --- End of inner exception stack trace ---
   at Npgsql.EntityFrameworkCore.PostgreSQL.Storage.Internal.NpgsqlExecutionStrategy.ExecuteAsync[TState,TResult](TState state, Func`4 operation, Func`4 verifySucceeded, CancellationToken cancellationToken)
   at Microsoft.EntityFrameworkCore.Query.Internal.SingleQueryingEnumerable`1.AsyncEnumerator.MoveNextAsync()
</Data></EventData></Event><Event><System><Provider Name=".NET Runtime"/><EventID>1000</EventID><Level>1</Level><Task>0</Task><Keywords>Keywords</Keywords><TimeCreated SystemTime="2026-01-21T03:08:44Z"/><EventRecordID>252310828</EventRecordID><Channel>Application</Channel><Computer>WEBWK000001</Computer><Security/></System><EventData><Data>Category: Microsoft.AspNetCore.Server.IIS.Core.IISHttpServer
EventId: 2
SpanId: 839f13a092203bb1
TraceId: 5cc67f2ea02d16930534a44ab9208bac
ParentId: 0000000000000000
RequestId: 4000055e-0004-f800-b63f-84710c7967bb
RequestPath: /api/Usuario/login

Connection ID "17870283339391305038", Request ID "4000055e-0004-f800-b63f-84710c7967bb": An unhandled exception was thrown by the application.

Exception: 
System.InvalidOperationException: An exception has been raised that is likely due to a transient failure.
 ---&gt; Npgsql.NpgsqlException (0x80004005): Exception while reading from stream
 ---&gt; System.TimeoutException: Timeout during reading attempt
   at Npgsql.Internal.NpgsqlReadBuffer.&lt;Ensure&gt;g__EnsureLong|55_0(NpgsqlReadBuffer buffer, Int32 count, Boolean async, Boolean readingNotifications)
   at System.Runtime.CompilerServices.PoolingAsyncValueTaskMethodBuilder`1.StateMachineBox`1.System.Threading.Tasks.Sources.IValueTaskSource.GetResult(Int16 token)
   at Npgsql.Internal.NpgsqlConnector.ReadMessageLong(Boolean async, DataRowLoadingMode dataRowLoadingMode, Boolean readingNotifications, Boolean isReadingPrependedMessage)
   at System.Runtime.CompilerServices.PoolingAsyncValueTaskMethodBuilder`1.StateMachineBox`1.System.Threading.Tasks.Sources.IValueTaskSource&lt;TResult&gt;.GetResult(Int16 token)
   at Npgsql.NpgsqlDataReader.NextResult(Boolean async, Boolean isConsuming, CancellationToken cancellationToken)
   at Npgsql.NpgsqlDataReader.NextResult(Boolean async, Boolean isConsuming, CancellationToken cancellationToken)
   at Npgsql.NpgsqlCommand.ExecuteReader(Boolean async, CommandBehavior behavior, CancellationToken cancellationToken)
   at Npgsql.NpgsqlCommand.ExecuteReader(Boolean async, CommandBehavior behavior, CancellationToken cancellationToken)
   at Npgsql.NpgsqlCommand.ExecuteDbDataReaderAsync(CommandBehavior behavior, CancellationToken cancellationToken)
   at Microsoft.EntityFrameworkCore.Storage.RelationalCommand.ExecuteReaderAsync(RelationalCommandParameterObject parameterObject, CancellationToken cancellationToken)
   at Microsoft.EntityFrameworkCore.Storage.RelationalCommand.ExecuteReaderAsync(RelationalCommandParameterObject parameterObject, CancellationToken cancellationToken)
   at Microsoft.EntityFrameworkCore.Query.Internal.SingleQueryingEnumerable`1.AsyncEnumerator.InitializeReaderAsync(AsyncEnumerator enumerator, CancellationToken cancellationToken)
   at Npgsql.EntityFrameworkCore.PostgreSQL.Storage.Internal.NpgsqlExecutionStrategy.ExecuteAsync[TState,TResult](TState state, Func`4 operation, Func`4 verifySucceeded, CancellationToken cancellationToken)
   --- End of inner exception stack trace ---
   at Npgsql.EntityFrameworkCore.PostgreSQL.Storage.Internal.NpgsqlExecutionStrategy.ExecuteAsync[TState,TResult](TState state, Func`4 operation, Func`4 verifySucceeded, CancellationToken cancellationToken)
   at Microsoft.EntityFrameworkCore.Query.Internal.SingleQueryingEnumerable`1.AsyncEnumerator.MoveNextAsync()
   at Microsoft.EntityFrameworkCore.Query.ShapedQueryCompilingExpressionVisitor.SingleOrDefaultAsync[TSource](IAsyncEnumerable`1 asyncEnumerable, CancellationToken cancellationToken)
   at Microsoft.EntityFrameworkCore.Query.ShapedQueryCompilingExpressionVisitor.SingleOrDefaultAsync[TSource](IAsyncEnumerable`1 asyncEnumerable, CancellationToken cancellationToken)
   at Identity.Application.Services.IdentityService.LoginAsync(LoginRequest dto, CancellationToken ct) in C:\Proj\backup\multiloja\Identity.Application\Services\IdentityService.cs:line 99
   at Multiloja.Api.Controller.IdentityController.Login(LoginRequest dto, CancellationToken ct) in C:\Proj\backup\multiloja\multiloja\Controller\IdentityController.cs:line 33
   at lambda_method7(Closure, Object)
   at Microsoft.AspNetCore.Mvc.Infrastructure.ActionMethodExecutor.AwaitableObjectResultExecutor.Execute(ActionContext actionContext, IActionResultTypeMapper mapper, ObjectMethodExecutor executor, Object controller, Object[] arguments)
   at Microsoft.AspNetCore.Mvc.Infrastructure.ControllerActionInvoker.&lt;InvokeActionMethodAsync&gt;g__Awaited|12_0(ControllerActionInvoker invoker, ValueTask`1 actionResultValueTask)
   at Microsoft.AspNetCore.Mvc.Infrastructure.ControllerActionInvoker.&lt;InvokeNextActionFilterAsync&gt;g__Awaited|10_0(ControllerActionInvoker invoker, Task lastTask, State next, Scope scope, Object state, Boolean isCompleted)
   at Microsoft.AspNetCore.Mvc.Infrastructure.ControllerActionInvoker.Rethrow(ActionExecutedContextSealed context)
   at Microsoft.AspNetCore.Mvc.Infrastructure.ControllerActionInvoker.Next(State&amp; next, Scope&amp; scope, Object&amp; state, Boolean&amp; isCompleted)
   at Microsoft.AspNetCore.Mvc.Infrastructure.ControllerActionInvoker.&lt;InvokeInnerFilterAsync&gt;g__Awaited|13_0(ControllerActionInvoker invoker, Task lastTask, State next, Scope scope, Object state, Boolean isCompleted)
   at Microsoft.AspNetCore.Mvc.Infrastructure.ResourceInvoker.&lt;InvokeFilterPipelineAsync&gt;g__Awaited|20_0(ResourceInvoker invoker, Task lastTask, State next, Scope scope, Object state, Boolean isCompleted)
   at Microsoft.AspNetCore.Mvc.Infrastructure.ResourceInvoker.&lt;InvokeAsync&gt;g__Awaited|17_0(ResourceInvoker invoker, Task task, IDisposable scope)
   at Microsoft.AspNetCore.Mvc.Infrastructure.ResourceInvoker.&lt;InvokeAsync&gt;g__Awaited|17_0(ResourceInvoker invoker, Task task, IDisposable scope)
   at Microsoft.AspNetCore.Authorization.AuthorizationMiddleware.Invoke(HttpContext context)
   at Microsoft.AspNetCore.Authentication.AuthenticationMiddleware.Invoke(HttpContext context)
   at Microsoft.AspNetCore.Server.IIS.Core.IISHttpContextOfT`1.ProcessRequestAsync()
</Data></EventData></Event><Event><System><Provider Name=".NET Runtime"/><EventID>1000</EventID><Level>1</Level><Task>0</Task><Keywords>Keywords</Keywords><TimeCreated SystemTime="2026-01-21T03:09:20Z"/><EventRecordID>252346937</EventRecordID><Channel>Application</Channel><Computer>WEBWK000001</Computer><Security/></System><EventData><Data>Category: Microsoft.EntityFrameworkCore.Database.Command
EventId: 20102
SpanId: cf763599333d45c8
TraceId: 1e5f599f399d86e01c6c1fa01ecc1a9f
ParentId: 0000000000000000
RequestId: 40000560-0004-f800-b63f-84710c7967bb
RequestPath: /api/Usuario/login
ActionId: 8bd75ca3-25c7-4338-ad01-f82e2caefe1d
ActionName: Multiloja.Api.Controller.IdentityController.Login (Multiloja.Api)

Failed executing DbCommand (32,056ms) [Parameters=[@__usuarioId_0='?' (DbType = Guid)], CommandType='Text', CommandTimeout='30']
SELECT u.id, u.ativo, u.desativado_em, u.loja_id, u.nivel_acesso, u.usuario_id, u.vinculado_em
FROM usuarios_lojas AS u
WHERE u.usuario_id = @__usuarioId_0 AND u.ativo
</Data></EventData></Event><Event><System><Provider Name=".NET Runtime"/><EventID>1000</EventID><Level>1</Level><Task>0</Task><Keywords>Keywords</Keywords><TimeCreated SystemTime="2026-01-21T03:09:20Z"/><EventRecordID>252346937</EventRecordID><Channel>Application</Channel><Computer>WEBWK000001</Computer><Security/></System><EventData><Data>Category: Microsoft.EntityFrameworkCore.Query
EventId: 10100
SpanId: cf763599333d45c8
TraceId: 1e5f599f399d86e01c6c1fa01ecc1a9f
ParentId: 0000000000000000
RequestId: 40000560-0004-f800-b63f-84710c7967bb
RequestPath: /api/Usuario/login
ActionId: 8bd75ca3-25c7-4338-ad01-f82e2caefe1d
ActionName: Multiloja.Api.Controller.IdentityController.Login (Multiloja.Api)

An exception occurred while iterating over the results of a query for context type 'IdentityDbContext'.
System.InvalidOperationException: An exception has been raised that is likely due to a transient failure.
 ---&gt; Npgsql.NpgsqlException (0x80004005): Exception while reading from stream
 ---&gt; System.TimeoutException: Timeout during reading attempt
   at Npgsql.Internal.NpgsqlReadBuffer.&lt;Ensure&gt;g__EnsureLong|55_0(NpgsqlReadBuffer buffer, Int32 count, Boolean async, Boolean readingNotifications)
   at System.Runtime.CompilerServices.PoolingAsyncValueTaskMethodBuilder`1.StateMachineBox`1.System.Threading.Tasks.Sources.IValueTaskSource.GetResult(Int16 token)
   at Npgsql.Internal.NpgsqlConnector.ReadMessageLong(Boolean async, DataRowLoadingMode dataRowLoadingMode, Boolean readingNotifications, Boolean isReadingPrependedMessage)
   at System.Runtime.CompilerServices.PoolingAsyncValueTaskMethodBuilder`1.StateMachineBox`1.System.Threading.Tasks.Sources.IValueTaskSource&lt;TResult&gt;.GetResult(Int16 token)
   at Npgsql.NpgsqlDataReader.NextResult(Boolean async, Boolean isConsuming, CancellationToken cancellationToken)
   at Npgsql.NpgsqlDataReader.NextResult(Boolean async, Boolean isConsuming, CancellationToken cancellationToken)
   at Npgsql.NpgsqlCommand.ExecuteReader(Boolean async, CommandBehavior behavior, CancellationToken cancellationToken)
   at Npgsql.NpgsqlCommand.ExecuteReader(Boolean async, CommandBehavior behavior, CancellationToken cancellationToken)
   at Npgsql.NpgsqlCommand.ExecuteDbDataReaderAsync(CommandBehavior behavior, CancellationToken cancellationToken)
   at Microsoft.EntityFrameworkCore.Storage.RelationalCommand.ExecuteReaderAsync(RelationalCommandParameterObject parameterObject, CancellationToken cancellationToken)
   at Microsoft.EntityFrameworkCore.Storage.RelationalCommand.ExecuteReaderAsync(RelationalCommandParameterObject parameterObject, CancellationToken cancellationToken)
   at Microsoft.EntityFrameworkCore.Query.Internal.SingleQueryingEnumerable`1.AsyncEnumerator.InitializeReaderAsync(AsyncEnumerator enumerator, CancellationToken cancellationToken)
   at Npgsql.EntityFrameworkCore.PostgreSQL.Storage.Internal.NpgsqlExecutionStrategy.ExecuteAsync[TState,TResult](TState state, Func`4 operation, Func`4 verifySucceeded, CancellationToken cancellationToken)
   --- End of inner exception stack trace ---
   at Npgsql.EntityFrameworkCore.PostgreSQL.Storage.Internal.NpgsqlExecutionStrategy.ExecuteAsync[TState,TResult](TState state, Func`4 operation, Func`4 verifySucceeded, CancellationToken cancellationToken)
   at Microsoft.EntityFrameworkCore.Query.Internal.SingleQueryingEnumerable`1.AsyncEnumerator.MoveNextAsync()

Exception: 
System.InvalidOperationException: An exception has been raised that is likely due to a transient failure.
 ---&gt; Npgsql.NpgsqlException (0x80004005): Exception while reading from stream
 ---&gt; System.TimeoutException: Timeout during reading attempt
   at Npgsql.Internal.NpgsqlReadBuffer.&lt;Ensure&gt;g__EnsureLong|55_0(NpgsqlReadBuffer buffer, Int32 count, Boolean async, Boolean readingNotifications)
   at System.Runtime.CompilerServices.PoolingAsyncValueTaskMethodBuilder`1.StateMachineBox`1.System.Threading.Tasks.Sources.IValueTaskSource.GetResult(Int16 token)
   at Npgsql.Internal.NpgsqlConnector.ReadMessageLong(Boolean async, DataRowLoadingMode dataRowLoadingMode, Boolean readingNotifications, Boolean isReadingPrependedMessage)
   at System.Runtime.CompilerServices.PoolingAsyncValueTaskMethodBuilder`1.StateMachineBox`1.System.Threading.Tasks.Sources.IValueTaskSource&lt;TResult&gt;.GetResult(Int16 token)
   at Npgsql.NpgsqlDataReader.NextResult(Boolean async, Boolean isConsuming, CancellationToken cancellationToken)
   at Npgsql.NpgsqlDataReader.NextResult(Boolean async, Boolean isConsuming, CancellationToken cancellationToken)
   at Npgsql.NpgsqlCommand.ExecuteReader(Boolean async, CommandBehavior behavior, CancellationToken cancellationToken)
   at Npgsql.NpgsqlCommand.ExecuteReader(Boolean async, CommandBehavior behavior, CancellationToken cancellationToken)
   at Npgsql.NpgsqlCommand.ExecuteDbDataReaderAsync(CommandBehavior behavior, CancellationToken cancellationToken)
   at Microsoft.EntityFrameworkCore.Storage.RelationalCommand.ExecuteReaderAsync(RelationalCommandParameterObject parameterObject, CancellationToken cancellationToken)
   at Microsoft.EntityFrameworkCore.Storage.RelationalCommand.ExecuteReaderAsync(RelationalCommandParameterObject parameterObject, CancellationToken cancellationToken)
   at Microsoft.EntityFrameworkCore.Query.Internal.SingleQueryingEnumerable`1.AsyncEnumerator.InitializeReaderAsync(AsyncEnumerator enumerator, CancellationToken cancellationToken)
   at Npgsql.EntityFrameworkCore.PostgreSQL.Storage.Internal.NpgsqlExecutionStrategy.ExecuteAsync[TState,TResult](TState state, Func`4 operation, Func`4 verifySucceeded, CancellationToken cancellationToken)
   --- End of inner exception stack trace ---
   at Npgsql.EntityFrameworkCore.PostgreSQL.Storage.Internal.NpgsqlExecutionStrategy.ExecuteAsync[TState,TResult](TState state, Func`4 operation, Func`4 verifySucceeded, CancellationToken cancellationToken)
   at Microsoft.EntityFrameworkCore.Query.Internal.SingleQueryingEnumerable`1.AsyncEnumerator.MoveNextAsync()
</Data></EventData></Event><Event><System><Provider Name=".NET Runtime"/><EventID>1000</EventID><Level>1</Level><Task>0</Task><Keywords>Keywords</Keywords><TimeCreated SystemTime="2026-01-21T03:09:20Z"/><EventRecordID>252346953</EventRecordID><Channel>Application</Channel><Computer>WEBWK000001</Computer><Security/></System><EventData><Data>Category: Microsoft.AspNetCore.Server.IIS.Core.IISHttpServer
EventId: 2
SpanId: cf763599333d45c8
TraceId: 1e5f599f399d86e01c6c1fa01ecc1a9f
ParentId: 0000000000000000
RequestId: 40000560-0004-f800-b63f-84710c7967bb
RequestPath: /api/Usuario/login

Connection ID "17870283339391305038", Request ID "40000560-0004-f800-b63f-84710c7967bb": An unhandled exception was thrown by the application.

Exception: 
System.InvalidOperationException: An exception has been raised that is likely due to a transient failure.
 ---&gt; Npgsql.NpgsqlException (0x80004005): Exception while reading from stream
 ---&gt; System.TimeoutException: Timeout during reading attempt
   at Npgsql.Internal.NpgsqlReadBuffer.&lt;Ensure&gt;g__EnsureLong|55_0(NpgsqlReadBuffer buffer, Int32 count, Boolean async, Boolean readingNotifications)
   at System.Runtime.CompilerServices.PoolingAsyncValueTaskMethodBuilder`1.StateMachineBox`1.System.Threading.Tasks.Sources.IValueTaskSource.GetResult(Int16 token)
   at Npgsql.Internal.NpgsqlConnector.ReadMessageLong(Boolean async, DataRowLoadingMode dataRowLoadingMode, Boolean readingNotifications, Boolean isReadingPrependedMessage)
   at System.Runtime.CompilerServices.PoolingAsyncValueTaskMethodBuilder`1.StateMachineBox`1.System.Threading.Tasks.Sources.IValueTaskSource&lt;TResult&gt;.GetResult(Int16 token)
   at Npgsql.NpgsqlDataReader.NextResult(Boolean async, Boolean isConsuming, CancellationToken cancellationToken)
   at Npgsql.NpgsqlDataReader.NextResult(Boolean async, Boolean isConsuming, CancellationToken cancellationToken)
   at Npgsql.NpgsqlCommand.ExecuteReader(Boolean async, CommandBehavior behavior, CancellationToken cancellationToken)
   at Npgsql.NpgsqlCommand.ExecuteReader(Boolean async, CommandBehavior behavior, CancellationToken cancellationToken)
   at Npgsql.NpgsqlCommand.ExecuteDbDataReaderAsync(CommandBehavior behavior, CancellationToken cancellationToken)
   at Microsoft.EntityFrameworkCore.Storage.RelationalCommand.ExecuteReaderAsync(RelationalCommandParameterObject parameterObject, CancellationToken cancellationToken)
   at Microsoft.EntityFrameworkCore.Storage.RelationalCommand.ExecuteReaderAsync(RelationalCommandParameterObject parameterObject, CancellationToken cancellationToken)
   at Microsoft.EntityFrameworkCore.Query.Internal.SingleQueryingEnumerable`1.AsyncEnumerator.InitializeReaderAsync(AsyncEnumerator enumerator, CancellationToken cancellationToken)
   at Npgsql.EntityFrameworkCore.PostgreSQL.Storage.Internal.NpgsqlExecutionStrategy.ExecuteAsync[TState,TResult](TState state, Func`4 operation, Func`4 verifySucceeded, CancellationToken cancellationToken)
   --- End of inner exception stack trace ---
   at Npgsql.EntityFrameworkCore.PostgreSQL.Storage.Internal.NpgsqlExecutionStrategy.ExecuteAsync[TState,TResult](TState state, Func`4 operation, Func`4 verifySucceeded, CancellationToken cancellationToken)
   at Microsoft.EntityFrameworkCore.Query.Internal.SingleQueryingEnumerable`1.AsyncEnumerator.MoveNextAsync()
   at Microsoft.EntityFrameworkCore.EntityFrameworkQueryableExtensions.ToListAsync[TSource](IQueryable`1 source, CancellationToken cancellationToken)
   at Microsoft.EntityFrameworkCore.EntityFrameworkQueryableExtensions.ToListAsync[TSource](IQueryable`1 source, CancellationToken cancellationToken)
   at Identity.Application.Services.IdentityService.LoginAsync(LoginRequest dto, CancellationToken ct) in C:\Proj\backup\multiloja\Identity.Application\Services\IdentityService.cs:line 106
   at Multiloja.Api.Controller.IdentityController.Login(LoginRequest dto, CancellationToken ct) in C:\Proj\backup\multiloja\multiloja\Controller\IdentityController.cs:line 33
   at lambda_method7(Closure, Object)
   at Microsoft.AspNetCore.Mvc.Infrastructure.ActionMethodExecutor.AwaitableObjectResultExecutor.Execute(ActionContext actionContext, IActionResultTypeMapper mapper, ObjectMethodExecutor executor, Object controller, Object[] arguments)
   at Microsoft.AspNetCore.Mvc.Infrastructure.ControllerActionInvoker.&lt;InvokeActionMethodAsync&gt;g__Awaited|12_0(ControllerActionInvoker invoker, ValueTask`1 actionResultValueTask)
   at Microsoft.AspNetCore.Mvc.Infrastructure.ControllerActionInvoker.&lt;InvokeNextActionFilterAsync&gt;g__Awaited|10_0(ControllerActionInvoker invoker, Task lastTask, State next, Scope scope, Object state, Boolean isCompleted)
   at Microsoft.AspNetCore.Mvc.Infrastructure.ControllerActionInvoker.Rethrow(ActionExecutedContextSealed context)
   at Microsoft.AspNetCore.Mvc.Infrastructure.ControllerActionInvoker.Next(State&amp; next, Scope&amp; scope, Object&amp; state, Boolean&amp; isCompleted)
   at Microsoft.AspNetCore.Mvc.Infrastructure.ControllerActionInvoker.&lt;InvokeInnerFilterAsync&gt;g__Awaited|13_0(ControllerActionInvoker invoker, Task lastTask, State next, Scope scope, Object state, Boolean isCompleted)
   at Microsoft.AspNetCore.Mvc.Infrastructure.ResourceInvoker.&lt;InvokeFilterPipelineAsync&gt;g__Awaited|20_0(ResourceInvoker invoker, Task lastTask, State next, Scope scope, Object state, Boolean isCompleted)
   at Microsoft.AspNetCore.Mvc.Infrastructure.ResourceInvoker.&lt;InvokeAsync&gt;g__Awaited|17_0(ResourceInvoker invoker, Task task, IDisposable scope)
   at Microsoft.AspNetCore.Mvc.Infrastructure.ResourceInvoker.&lt;InvokeAsync&gt;g__Awaited|17_0(ResourceInvoker invoker, Task task, IDisposable scope)
   at Microsoft.AspNetCore.Authorization.AuthorizationMiddleware.Invoke(HttpContext context)
   at Microsoft.AspNetCore.Authentication.AuthenticationMiddleware.Invoke(HttpContext context)
   at Microsoft.AspNetCore.Server.IIS.Core.IISHttpContextOfT`1.ProcessRequestAsync()
</Data></EventData></Event></Events>